{"type":"Topology","arcs":[[[28,1773],[78,56],[41,-30],[145,-55],[185,23],[68,-5],[39,-64],[26,10],[45,-30],[101,-98],[101,-63]],[[857,1517],[-54,-42],[-28,-38],[18,-56],[-8,-61],[-30,-88],[-34,-11]],[[721,1221],[-117,97],[-32,13],[-33,-37]],[[539,1294],[-174,147],[-45,68],[-109,26],[-66,1],[-73,32],[-59,50],[-13,81],[28,74]],[[1526,875],[-59,57],[-69,38],[-141,34]],[[1257,1004],[5,22],[-92,84],[41,57],[30,109],[24,54]],[[1265,1330],[64,-51],[25,-69],[44,-67],[95,-69],[40,-57],[13,-72],[-29,-44],[9,-26]],[[1384,207],[35,-28],[-7,-99],[48,-74]],[[1460,6],[-66,-6],[-142,16],[-76,29],[-164,92],[-145,-26],[-20,88],[72,26],[101,0],[159,-38],[68,-38],[70,64],[40,16],[27,-22]],[[1384,207],[-1,2]],[[1383,209],[47,7],[94,76],[68,119],[44,-26],[123,-5],[162,124]],[[1921,504],[29,-8],[95,-72],[-5,-20],[-67,-48],[-167,-109],[-63,-19],[-19,-101],[-72,-36],[-14,-60],[-54,-13],[-124,-12]],[[857,1517],[52,-21],[28,-53],[69,-39],[80,5],[40,-39],[105,-22],[34,-18]],[[1257,1004],[-55,3],[-49,-42],[-63,10],[-129,49],[-240,197]],[[1526,875],[84,-87],[69,-106],[127,-109],[115,-69]],[[1383,209],[-29,35],[-142,7],[-4,-2],[3,5],[-21,8],[-16,-6],[16,7],[13,24],[-44,71],[24,82],[-52,0],[-5,-42],[-55,-19],[-45,61],[-4,68],[69,18],[54,55],[-40,53],[-55,168],[-123,128],[-77,37],[-49,11],[-4,69],[-90,81],[-116,129],[-52,37]]],"bbox":[13.578762431084892,45.580961949728184,13.91890673980657,45.807956124753034],"transform":{"scale":[0.00016632973531622398,0.00012410835157181476],"translate":[13.578762431084892,45.580961949728184]},"objects":{"municipalities":{"type":"GeometryCollection","geometries":[{"arcs":[[0,1,2,3]],"type":"Polygon","properties":{"name":"Duino Aurisina-Devin Nabreina","op_id":"3959","name_sl":"Duino Aurisina-Devin Nabrežina","minint_elettorale":"1060920010","name_it":"Duino Aurisina","minint_finloc":"2060920010","prov_name":"Trieste","prov_istat_code":"032","prov_istat_code_num":32,"prov_acr":"TS","reg_name":"Friuli-Venezia Giulia","reg_istat_code":"06","reg_istat_code_num":6,"opdm_id":"3810","com_catasto_code":"D383","com_istat_code":"032001","com_istat_code_num":32001}},{"arcs":[[4,5,6]],"type":"Polygon","properties":{"name":"Monrupino-Repentabor","name_it":"Monrupino","op_id":"3960","name_sl":"Repentabor","minint_finloc":"2060920020","minint_elettorale":"1060920020","prov_name":"Trieste","prov_istat_code":"032","prov_istat_code_num":32,"prov_acr":"TS","reg_name":"Friuli-Venezia Giulia","reg_istat_code":"06","reg_istat_code_num":6,"opdm_id":"3811","com_catasto_code":"F378","com_istat_code":"032002","com_istat_code_num":32002}},{"arcs":[[7,8]],"type":"Polygon","properties":{"name":"Muggia","minint_finloc":"2060920030","minint_elettorale":"1060920030","op_id":"3961","prov_name":"Trieste","prov_istat_code":"032","prov_istat_code_num":32,"prov_acr":"TS","reg_name":"Friuli-Venezia Giulia","reg_istat_code":"06","reg_istat_code_num":6,"opdm_id":"3812","com_catasto_code":"F795","com_istat_code":"032003","com_istat_code_num":32003}},{"arcs":[[-8,9,10,11]],"type":"Polygon","properties":{"name":"San Dorligo della Valle-Dolina","name_sl":"Dolina","minint_finloc":"2060920040","minint_elettorale":"1060920040","name_it":"San Dorligo della Valle","op_id":"3962","prov_name":"Trieste","prov_istat_code":"032","prov_istat_code_num":32,"prov_acr":"TS","reg_name":"Friuli-Venezia Giulia","reg_istat_code":"06","reg_istat_code_num":6,"opdm_id":"3813","com_catasto_code":"D324","com_istat_code":"032004","com_istat_code_num":32004}},{"arcs":[[-2,12,-6,13]],"type":"Polygon","properties":{"name":"Sgonico-Zgonik","minint_elettorale":"1060920050","name_sl":"Zgonik","op_id":"3963","name_it":"Sgonico","minint_finloc":"2060920050","prov_name":"Trieste","prov_istat_code":"032","prov_istat_code_num":32,"prov_acr":"TS","reg_name":"Friuli-Venezia Giulia","reg_istat_code":"06","reg_istat_code_num":6,"opdm_id":"3814","com_catasto_code":"I715","com_istat_code":"032005","com_istat_code_num":32005}},{"arcs":[[-3,-14,-5,14,-11,15]],"type":"Polygon","properties":{"name":"Trieste","op_id":"3964","minint_elettorale":"1060920060","minint_finloc":"2060920060","prov_name":"Trieste","prov_istat_code":"032","prov_istat_code_num":32,"prov_acr":"TS","reg_name":"Friuli-Venezia Giulia","reg_istat_code":"06","reg_istat_code_num":6,"opdm_id":"3815","com_catasto_code":"L424","com_istat_code":"032006","com_istat_code_num":32006}}]}}}