{"type":"Topology","arcs":[[[513,2672],[29,10],[124,5],[87,-18],[23,37]],[[776,2706],[38,-29],[30,-62],[-11,-66],[8,-36],[47,-54],[-38,-84],[33,-58],[56,-24],[43,-3],[15,-40],[-45,-56],[17,-65],[69,-17],[87,1],[67,-33],[17,-26],[54,-30]],[[1263,2024],[15,-10],[21,-121],[-12,-54],[-42,-53]],[[1245,1786],[-98,-30],[-75,24],[-98,-3],[-30,-45],[-36,36],[-35,1],[-52,-31],[-113,-29]],[[708,1709],[-62,97]],[[646,1806],[-46,11],[-71,64],[-107,57],[-120,-28],[-16,78],[68,46],[37,44],[67,141],[-24,50],[57,96],[52,152],[-36,90],[6,65]],[[0,433],[122,62],[-1,46],[91,45],[69,0],[63,76],[54,-16]],[[398,646],[60,-66]],[[458,580],[-74,-12],[-18,-27],[47,-78],[9,-62],[-13,-27],[40,-28],[56,-10],[89,39]],[[594,375],[27,-58],[54,-41],[-85,-56],[-37,-44],[53,-36],[-16,-15],[-33,-124],[-24,-1],[-42,46],[-66,20],[-36,50],[-1,50],[-29,8],[-58,-37],[-96,10],[-79,63],[-43,5],[7,79],[-58,71],[-32,68]],[[365,1109],[-2,5],[7,23],[-45,90],[15,76],[62,191],[98,134],[85,43],[61,135]],[[708,1709],[47,-101],[35,-30],[-17,-56]],[[773,1522],[-67,-103],[0,-40],[-32,-106],[-69,-79],[-110,-36],[-105,-14],[-25,-35]],[[589,465],[-4,-17],[9,-73]],[[458,580],[37,-45],[94,-70]],[[294,895],[11,72],[60,142]],[[773,1522],[35,13],[64,-33],[20,-33],[35,-102],[53,-59],[6,-56],[50,9],[56,42],[105,62]],[[1197,1365],[38,-77],[-71,-14],[-97,-81],[35,-42],[-78,-140],[62,-66],[24,-75],[-30,-66],[-55,-45],[-61,-2],[-128,-196],[4,-19],[-53,-48],[-67,-19],[-39,47],[-46,13],[-46,-70]],[[398,646],[-34,45],[7,95],[-53,90],[-24,19]],[[1245,1786],[17,-47],[-27,-94],[34,-90],[-20,-82],[-46,-20],[-20,-29],[14,-59]],[[776,2706],[190,102],[18,20],[73,-14],[16,19],[100,17],[71,-40],[129,-19],[60,-36],[-22,-25],[23,-34],[14,-64],[-29,-9],[-66,-57],[-21,-49],[3,-119],[-34,-42],[-6,-71],[68,-82],[-15,-108],[-85,-71]]],"bbox":[10.964141225075725,43.75870315577875,11.204876578496378,44.1124233816753],"transform":{"scale":[0.00016625369711371102,0.00012411235996370252],"translate":[10.964141225075725,43.75870315577875]},"objects":{"municipalities":{"type":"GeometryCollection","geometries":[{"arcs":[[0,1,2,3,4,5]],"type":"Polygon","properties":{"name":"Cantagallo","op_id":"7963","minint_elettorale":"2091000010","minint_finloc":"3091000010","prov_name":"Prato","prov_istat_code":"100","prov_istat_code_num":100,"prov_acr":"PO","reg_name":"Toscana","reg_istat_code":"09","reg_istat_code_num":9,"opdm_id":"4698","com_catasto_code":"B626","com_istat_code":"100001","com_istat_code_num":100001}},{"arcs":[[6,7,8,9]],"type":"Polygon","properties":{"name":"Carmignano","minint_elettorale":"2091000020","op_id":"7964","minint_finloc":"3091000020","prov_name":"Prato","prov_istat_code":"100","prov_istat_code_num":100,"prov_acr":"PO","reg_name":"Toscana","reg_istat_code":"09","reg_istat_code_num":9,"opdm_id":"4699","com_catasto_code":"B794","com_istat_code":"100002","com_istat_code_num":100002}},{"arcs":[[10,-5,11,12]],"type":"Polygon","properties":{"name":"Montemurlo","minint_finloc":"3091000030","op_id":"7965","minint_elettorale":"2091000030","prov_name":"Prato","prov_istat_code":"100","prov_istat_code_num":100,"prov_acr":"PO","reg_name":"Toscana","reg_istat_code":"09","reg_istat_code_num":9,"opdm_id":"4700","com_catasto_code":"F572","com_istat_code":"100003","com_istat_code_num":100003}},{"arcs":[[13,-9,14]],"type":"Polygon","properties":{"name":"Poggio a Caiano","minint_elettorale":"2091000040","op_id":"7966","minint_finloc":"3091000040","prov_name":"Prato","prov_istat_code":"100","prov_istat_code_num":100,"prov_acr":"PO","reg_name":"Toscana","reg_istat_code":"09","reg_istat_code_num":9,"opdm_id":"4701","com_catasto_code":"G754","com_istat_code":"100004","com_istat_code_num":100004}},{"arcs":[[15,-13,16,17,-15,-8,18]],"type":"Polygon","properties":{"name":"Prato","minint_elettorale":"2091000050","minint_finloc":"3091000050","op_id":"7967","prov_name":"Prato","prov_istat_code":"100","prov_istat_code_num":100,"prov_acr":"PO","reg_name":"Toscana","reg_istat_code":"09","reg_istat_code_num":9,"opdm_id":"4702","com_catasto_code":"G999","com_istat_code":"100005","com_istat_code_num":100005}},{"arcs":[[19,-17,-12,-4]],"type":"Polygon","properties":{"name":"Vaiano","minint_elettorale":"2091000060","minint_finloc":"3091000060","op_id":"7968","prov_name":"Prato","prov_istat_code":"100","prov_istat_code_num":100,"prov_acr":"PO","reg_name":"Toscana","reg_istat_code":"09","reg_istat_code_num":9,"opdm_id":"4703","com_catasto_code":"L537","com_istat_code":"100006","com_istat_code_num":100006}},{"arcs":[[20,-2]],"type":"Polygon","properties":{"name":"Vernio","minint_elettorale":"2091000070","minint_finloc":"3091000070","op_id":"7969","prov_name":"Prato","prov_istat_code":"100","prov_istat_code_num":100,"prov_acr":"PO","reg_name":"Toscana","reg_istat_code":"09","reg_istat_code_num":9,"opdm_id":"4704","com_catasto_code":"L775","com_istat_code":"100007","com_istat_code_num":100007}}]}}}