{"type":"Topology","arcs":[[[2824,2166],[10,-82],[-32,-57],[7,-34],[86,-84],[-47,-104],[-103,-103],[-29,-20],[-56,-133],[-62,-64],[-20,-64],[-71,-91],[-80,-114],[-65,-124],[26,-35],[-5,-40],[-55,-39],[-21,-35]],[[2307,943],[-67,35],[-46,-5],[-78,14],[-63,43],[-34,-85],[-91,-52],[-33,83]],[[1895,976],[-26,67],[18,70],[26,61],[56,62],[67,91],[-15,29],[-90,5],[-52,44],[-43,76],[-35,11],[-72,61],[34,111],[0,63],[-146,89],[-23,61],[-139,102],[-123,131],[-47,125]],[[1285,2235],[61,38],[48,64],[71,68],[83,181],[-19,22],[34,69],[86,15]],[[1649,2692],[103,-16],[97,6],[42,135],[37,43],[27,8],[60,60],[68,83],[36,-1],[44,-48],[91,-23],[92,27],[22,39],[60,-24],[-19,-58],[77,-22],[11,43],[29,32],[53,-47],[44,-6],[86,75],[36,-4]],[[2745,2994],[31,-27],[82,-140],[-45,-89],[46,-67],[-41,-27],[14,-64],[61,-75],[20,-9],[52,-77],[-69,-67],[-23,-93],[-41,-48],[-8,-45]],[[1649,2692],[1,24],[-71,-1],[-54,21],[-35,41],[12,40],[-62,55],[-76,154],[-39,16],[-81,-33],[-62,32]],[[1182,3041],[36,12],[43,59]],[[1261,3112],[77,-13],[203,45],[37,18],[22,89],[70,65],[86,41],[21,-16],[56,25],[-37,68],[47,49],[80,-35],[28,43],[35,16]],[[1986,3507],[45,17],[-35,199]],[[1996,3723],[28,-3],[94,-71],[137,-117],[128,-74],[60,-21],[99,-20],[192,-72],[118,-29],[60,-28]],[[2912,3288],[-26,-21],[-60,-84],[-79,-140],[-2,-49]],[[3593,2053],[-48,144],[-33,30],[-48,12],[-55,57],[-6,44],[-45,17]],[[3358,2357],[31,142],[-30,89],[29,22],[29,-45],[-27,-58],[20,-17],[54,62],[-9,24],[67,76],[-33,54],[-6,37],[47,18],[61,123]],[[3591,2884],[84,7],[22,-40],[117,-35],[9,-34],[60,5],[94,-39],[23,-43],[40,-32],[-23,-73],[-3,-61],[-125,-176],[-32,-56],[18,-122],[-41,-77],[-25,-64],[-115,2],[-44,28],[-31,-50],[-26,29]],[[0,1951],[18,31],[83,75],[27,8],[67,74],[36,2],[55,84],[54,66],[76,10],[65,-3],[248,100],[25,33],[-6,51],[52,33],[23,-12],[38,30],[43,69],[-6,70]],[[898,2672],[18,46],[122,87],[71,23],[26,63],[-11,89],[58,61]],[[1285,2235],[-48,-36],[-157,-62],[-96,0],[-34,9],[-165,-85],[-52,-51],[-47,-4],[-31,-48],[-251,-219]],[[404,1739],[-33,-37],[-66,18],[-122,122],[-42,-28],[-78,113],[-63,24]],[[928,4219],[0,35],[100,-35],[364,-193],[17,0],[128,-79],[53,-15],[152,-103],[52,-29],[163,-67],[39,-10]],[[1986,3507],[-46,29],[-150,29],[-82,27],[-7,51],[-53,82],[-115,98],[-73,22],[-96,56],[-34,-39],[-202,137],[-200,220]],[[1895,976],[-20,-8],[-192,-121],[-27,-47],[-45,-24],[-126,-39],[-52,-52],[-32,6],[-50,52],[-202,109],[-78,74],[-41,86],[-7,41]],[[1023,1053],[0,64],[-111,120],[-88,64],[-51,-42],[-100,189],[-13,34],[17,58],[-41,42],[-132,-7],[35,55],[-40,87],[-95,22]],[[898,2672],[-18,6],[4,73],[68,92],[70,156],[-59,-15],[-40,-33],[-89,0],[-1,69],[-118,221],[-10,38]],[[705,3279],[68,-18],[96,9],[118,39],[-30,56],[114,53],[85,2],[76,-30],[7,21],[70,-13],[-44,-166],[-36,-61],[32,-59]],[[2382,867],[-83,-319],[-5,-28],[-117,-86],[-129,-166],[-51,-108],[-139,49],[-41,28],[-58,12],[-44,-48],[-55,11],[-50,-46],[-27,-98],[-59,-34],[-16,-34],[-116,134],[-49,48],[-61,28],[-147,42],[-80,65],[-120,53],[-44,8],[-86,42],[-128,38],[-38,32],[-28,110],[71,-17],[115,2],[122,134],[53,93],[-4,57],[-24,67],[3,83],[31,27],[45,7]],[[2307,943],[27,-40],[48,-36]],[[3358,2357],[-59,-46],[-30,22],[-82,9],[-20,47],[-55,4],[-40,-105],[-35,-40],[-66,-38],[-26,-34],[-15,-53],[-106,43]],[[2912,3288],[26,-9],[169,-117],[82,-41],[126,-40],[35,-50],[154,-114],[87,-33]],[[705,3279],[-25,0],[-9,452],[59,1],[256,113],[27,44],[-40,50],[-61,7],[-88,65],[-146,96],[-57,52],[-152,63],[-69,33],[80,127],[32,-11],[142,-16],[75,-31],[10,-17],[189,-88]]],"bbox":[15.870304532365722,40.897661650196,16.54230907020066,41.4416564051575],"transform":{"scale":[0.00016633775688983587,0.00012414302942982718],"translate":[15.870304532365722,40.897661650196]},"objects":{"municipalities":{"type":"GeometryCollection","geometries":[{"arcs":[[0,1,2,3,4,5]],"type":"Polygon","properties":{"name":"Andria","minint_finloc":"4160090050","op_id":"6289","minint_elettorale":"3161060010","prov_name":"Barletta-Andria-Trani","prov_istat_code":"110","prov_istat_code_num":110,"prov_acr":"BT","reg_name":"Puglia","reg_istat_code":"16","reg_istat_code_num":16,"opdm_id":"6643","com_catasto_code":"A285","com_istat_code":"110001","com_istat_code_num":110001}},{"arcs":[[-5,6,7,8,9,10,11]],"type":"Polygon","properties":{"name":"Barletta","minint_elettorale":"3161060020","op_id":"6291","minint_finloc":"4160090070","prov_name":"Barletta-Andria-Trani","prov_istat_code":"110","prov_istat_code_num":110,"prov_acr":"BT","reg_name":"Puglia","reg_istat_code":"16","reg_istat_code_num":16,"opdm_id":"6644","com_catasto_code":"A669","com_istat_code":"110002","com_istat_code_num":110002}},{"arcs":[[12,13,14]],"type":"Polygon","properties":{"name":"Bisceglie","op_id":"6293","minint_elettorale":"3161060030","minint_finloc":"4160090090","prov_name":"Barletta-Andria-Trani","prov_istat_code":"110","prov_istat_code_num":110,"prov_acr":"BT","reg_name":"Puglia","reg_istat_code":"16","reg_istat_code_num":16,"opdm_id":"6645","com_catasto_code":"A883","com_istat_code":"110003","com_istat_code_num":110003}},{"arcs":[[15,16,-7,-4,17,18]],"type":"Polygon","properties":{"name":"Canosa di Puglia","minint_finloc":"4160090130","op_id":"6297","minint_elettorale":"3161060040","prov_name":"Barletta-Andria-Trani","prov_istat_code":"110","prov_istat_code_num":110,"prov_acr":"BT","reg_name":"Puglia","reg_istat_code":"16","reg_istat_code_num":16,"opdm_id":"6646","com_catasto_code":"B619","com_istat_code":"110004","com_istat_code_num":110004}},{"arcs":[[19,-10,20]],"type":"Polygon","properties":{"name":"Margherita di Savoia","minint_elettorale":"3161060050","op_id":"6250","minint_finloc":"4160310290","prov_name":"Barletta-Andria-Trani","prov_istat_code":"110","prov_istat_code_num":110,"prov_acr":"BT","reg_name":"Puglia","reg_istat_code":"16","reg_istat_code_num":16,"opdm_id":"6647","com_catasto_code":"E946","com_istat_code":"110005","com_istat_code_num":110005}},{"arcs":[[-3,21,22,-18]],"type":"Polygon","properties":{"name":"Minervino Murge","minint_finloc":"4160090260","op_id":"6310","minint_elettorale":"3161060060","prov_name":"Barletta-Andria-Trani","prov_istat_code":"110","prov_istat_code_num":110,"prov_acr":"BT","reg_name":"Puglia","reg_istat_code":"16","reg_istat_code_num":16,"opdm_id":"6648","com_catasto_code":"F220","com_istat_code":"110006","com_istat_code_num":110006}},{"arcs":[[23,24,-8,-17]],"type":"Polygon","properties":{"name":"San Ferdinando di Puglia","op_id":"6266","minint_finloc":"4160310430","minint_elettorale":"3161060070","prov_name":"Barletta-Andria-Trani","prov_istat_code":"110","prov_istat_code_num":110,"prov_acr":"BT","reg_name":"Puglia","reg_istat_code":"16","reg_istat_code_num":16,"opdm_id":"6649","com_catasto_code":"H839","com_istat_code":"110007","com_istat_code_num":110007}},{"arcs":[[25,-22,-2,26]],"type":"Polygon","properties":{"name":"Spinazzola","op_id":"6326","minint_elettorale":"3161060080","minint_finloc":"4160090410","prov_name":"Barletta-Andria-Trani","prov_istat_code":"110","prov_istat_code_num":110,"prov_acr":"BT","reg_name":"Puglia","reg_istat_code":"16","reg_istat_code_num":16,"opdm_id":"6650","com_catasto_code":"I907","com_istat_code":"110008","com_istat_code_num":110008}},{"arcs":[[27,-6,-12,28,-14]],"type":"Polygon","properties":{"name":"Trani","op_id":"6329","minint_elettorale":"3161060090","minint_finloc":"4160090440","prov_name":"Barletta-Andria-Trani","prov_istat_code":"110","prov_istat_code_num":110,"prov_acr":"BT","reg_name":"Puglia","reg_istat_code":"16","reg_istat_code_num":16,"opdm_id":"6651","com_catasto_code":"L328","com_istat_code":"110009","com_istat_code_num":110009}},{"arcs":[[29,-21,-9,-25]],"type":"Polygon","properties":{"name":"Trinitapoli","minint_elettorale":"3161060100","op_id":"6278","minint_finloc":"4160310550","prov_name":"Barletta-Andria-Trani","prov_istat_code":"110","prov_istat_code_num":110,"prov_acr":"BT","reg_name":"Puglia","reg_istat_code":"16","reg_istat_code_num":16,"opdm_id":"6652","com_catasto_code":"B915","com_istat_code":"110010","com_istat_code_num":110010}}]}}}